<?xml version="1.0" encoding="UTF-8" standalone="no"?><purchaseOrderType><header><destiantionQueue>l1</destiantionQueue><xsltPath>XSLTransform.xsl</xsltPath><xslTransformClass>com.XSLTTransforms.XSLTTransform</xslTransformClass><decoderClass>com.decode.DecodeXml</decoderClass></header><items><item partNum="101"><productName>SGVhZCBzZXQ=</productName><quantity>Mw==</quantity></item><item partNum="102"><productName>SXBob25lNQ==</productName><quantity>Mg==</quantity></item><item partNum="103"><productName>Q2hhcmdlcg==</productName><quantity>MQ==</quantity></item></items></purchaseOrderType>